{
    "0": {
        "bias": -0.9997685551643372,
        "weight": 0.010232366621494293
    },
    "1": {
        "bias": -0.9984011650085449,
        "weight": -0.014588899910449982
    },
    "12": {
        "bias": -1.0028489828109741,
        "weight": 0.11356791108846664
    },
    "13": {
        "bias": -1.0038272142410278,
        "weight": 0.25883886218070984
    },
    "14": {
        "bias": -1.0025596618652344,
        "weight": 0.3621691167354584
    },
    "15": {
        "bias": -1.0035808086395264,
        "weight": 0.4061928987503052
    },
    "16": {
        "bias": -1.0018988847732544,
        "weight": 0.23869359493255615
    },
    "18": {
        "bias": -1.0002412796020508,
        "weight": 0.015124347060918808
    },
    "19": {
        "bias": -1.0030992031097412,
        "weight": 0.23782603442668915
    },
    "2": {
        "bias": -0.9995391368865967,
        "weight": 0.005329914856702089
    },
    "20": {
        "bias": -1.0062484741210938,
        "weight": 0.7575358152389526
    },
    "21": {
        "bias": -1.013432502746582,
        "weight": 1.6156630516052246
    },
    "22": {
        "bias": -1.0088708400726318,
        "weight": 1.9278308153152466
    },
    "23": {
        "bias": -1.0294545888900757,
        "weight": 3.4572627544403076
    },
    "25": {
        "bias": -1.0007587671279907,
        "weight": 0.07451310753822327
    },
    "26": {
        "bias": -1.0097472667694092,
        "weight": 0.7976328134536743
    },
    "27": {
        "bias": -1.0499763488769531,
        "weight": 4.009582042694092
    },
    "28": {
        "bias": -1.1152009963989258,
        "weight": 10.348662376403809
    },
    "29": {
        "bias": -0.952547013759613,
        "weight": 12.782610893249512
    },
    "33": {
        "bias": -1.0143163204193115,
        "weight": 3.3610236644744873
    },
    "34": {
        "bias": -0.9734490513801575,
        "weight": 11.29802417755127
    },
    "35": {
        "bias": -0.9212939143180847,
        "weight": 13.942580223083496
    },
    "6": {
        "bias": -1.000486969947815,
        "weight": 0.04627399146556854
    },
    "7": {
        "bias": -0.9998493790626526,
        "weight": 0.07658413052558899
    },
    "8": {
        "bias": -1.0006535053253174,
        "weight": 0.11617659777402878
    },
    "9": {
        "bias": -1.0006752014160156,
        "weight": 0.06238618120551109
    }
}