{
    "0": {
        "bias": -0.3229721072045204,
        "weight": 7.887328874699384
    },
    "1": {
        "bias": 0.12791563280490056,
        "weight": -3.3278298674007676
    },
    "12": {
        "bias": -1.465436854258465,
        "weight": 35.186566506575986
    },
    "13": {
        "bias": -0.8824863269150255,
        "weight": 23.274060243466984
    },
    "14": {
        "bias": -0.7236026669421071,
        "weight": 21.595100412939594
    },
    "15": {
        "bias": -0.7910349987121461,
        "weight": 23.65728333843541
    },
    "16": {
        "bias": -0.7440063528476876,
        "weight": 20.533786312173753
    },
    "18": {
        "bias": -0.7211291300920212,
        "weight": 19.430720579124632
    },
    "19": {
        "bias": -0.8889683264475668,
        "weight": 26.089858371892475
    },
    "2": {
        "bias": -0.20727722442762617,
        "weight": 5.42752209451599
    },
    "20": {
        "bias": -0.7955815239369836,
        "weight": 23.5310985624682
    },
    "21": {
        "bias": -0.7899489284691825,
        "weight": 21.576976574784403
    },
    "22": {
        "bias": -0.6665266509436002,
        "weight": 17.083854312896882
    },
    "23": {
        "bias": -0.7561675840822031,
        "weight": 19.542755609954604
    },
    "25": {
        "bias": -0.6445826584334825,
        "weight": 18.710160004310588
    },
    "26": {
        "bias": -0.8158711797686131,
        "weight": 21.59830307086446
    },
    "27": {
        "bias": -0.8953762037577588,
        "weight": 21.949440829014268
    },
    "28": {
        "bias": -0.9064851465307676,
        "weight": 21.01649125083281
    },
    "29": {
        "bias": -0.6707347171102201,
        "weight": 16.37091866406967
    },
    "33": {
        "bias": -0.6985777982847974,
        "weight": 17.811300962011412
    },
    "34": {
        "bias": -0.6362566127933267,
        "weight": 15.536179433277457
    },
    "35": {
        "bias": -0.6506051497537388,
        "weight": 16.351907193543052
    },
    "6": {
        "bias": -0.7364082314449285,
        "weight": 17.82797440065543
    },
    "7": {
        "bias": -0.5729751183160312,
        "weight": 14.60091429611223
    },
    "8": {
        "bias": -0.5728055010911404,
        "weight": 15.528432311452933
    },
    "9": {
        "bias": -0.844717033998776,
        "weight": 25.04903797563195
    }
}